{
  "Values": {
    "ASCIIFont": {
      "value": true
    },
    "IMBlocker": {
      "value": true
    },
    "强制启用输入法的屏幕的类路径": {
      "value": [
        "net.minecraft.GuiScreenBook",
        "net.minecraft.GuiEditSign"
      ]
    },
    "BetterInventoryMoving": {
      "value": true,
      "comment": "将Shift左键的部分特性, 从高版本移植过来"
    },
    "DropAll": {
      "value": true,
      "comment": "Shift+Q能够丢出背包中同类的物品"
    },
    "SlashIM": {
      "value": false
    },
    "NoSpamLog": {
      "value": true
    },
    "NoAttackDump": {
      "value": false,
      "comment": "创造模式按下Ctrl攻击时, 不再打开弹窗"
    },
    "SprintingMode": {
      "value": "Toggle"
    },
    "NoReferenceFile": {
      "value": true,
      "comment": "即MITE/reference目录的文件, 这会稍微提升游戏启动速度"
    },
    "字符串长度修复": {
      "value": true,
      "comment": "服务器中, readString导致玩家退出的问题"
    },
    "更好的工作台": {
      "value": true,
      "comment": "玩家离开时, 物品回到背包而不是丢出"
    },
    "TNTFix": {
      "value": true,
      "comment": "TNT复制物品"
    },
    "虚空修复": {
      "value": true,
      "comment": "服务器玩家掉落虚空导致的服务器崩溃"
    },
    "成就修复": {
      "value": true,
      "comment": "服务器增加模组又删除时,多余nbt导致的崩溃"
    }
  }
}