{
  "general": {
    "enabledNeodymium": {
      "value": true,
      "comment": "enabledNeodymium"
    }
  },
  "render": {
    "simplifyChunkMeshes": {
      "value": false,
      "comment": "simplifyChunkMeshes"
    },
    "cullFaces": {
      "value": true,
      "comment": "cullFaces"
    },
    "shortUV": {
      "value": false,
      "comment": "shortUV"
    },
    "sortFrequency": {
      "value": 1,
      "useSlider": true,
      "comment": "sortFrequency"
    },
    "fogOcclusion": {
      "value": true,
      "comment": "fogOcclusion"
    },
    "fogOcclusionWithoutFog": {
      "value": false,
      "comment": "fogOcclusionWithoutFog"
    },
    "VRAMSize": {
      "value": 512,
      "useSlider": true,
      "comment": "VRAMSize"
    },
    "renderFog": {
      "value": true,
      "comment": "renderFog"
    },
    "maxUnalignedQuadDistance": {
      "value": 64,
      "useSlider": true,
      "comment": "maxUnalignedQuadDistance"
    }
  },
  "misc": {
    "replaceOpenGLSplash": {
      "value": true,
      "comment": "replaceOpenGLSplash"
    },
    "ignoreIncompatibilities": {
      "value": false,
      "comment": "ignoreIncompatibilities"
    },
    "silenceErrors": {
      "value": false,
      "comment": "silenceErrors"
    }
  },
  "debug": {
    "maxMeshesPerFrame": {
      "value": -1,
      "useSlider": true,
      "comment": "maxMeshesPerFrame"
    },
    "showDebugInfo": {
      "value": true,
      "comment": "showDebugInfo"
    },
    "wireframe": {
      "value": false
    },
    "enableVanillaChunkMeshes": {
      "value": false,
      "comment": "enableVanillaChunkMeshes"
    }
  }
}