{
  "HotKeys": {
    "OpenWindow": {
      "hotkey": {
        "keys": "X,C"
      },
      "comment": "直接打开本模组的配置"
    },
    "AutoForward": {
      "enabled": false,
      "hotkey": {
        "keys": ""
      }
    },
    "AutoBack": {
      "enabled": false,
      "hotkey": {
        "keys": ""
      }
    },
    "AutoJump": {
      "enabled": false,
      "hotkey": {
        "keys": ""
      }
    },
    "AutoSneak": {
      "enabled": false,
      "hotkey": {
        "keys": ""
      }
    },
    "ommc.periodicAttack": {
      "enabled": false,
      "hotkey": {
        "keys": ""
      }
    },
    "ommc.periodicUse": {
      "enabled": false,
      "hotkey": {
        "keys": ""
      }
    },
    "CancelEntityRender": {
      "enabled": false,
      "hotkey": {
        "keys": ""
      }
    },
    "FastFlying": {
      "enabled": false,
      "hotkey": {
        "keys": ""
      }
    },
    "CopyTP": {
      "hotkey": {
        "keys": "F3,C"
      },
      "comment": "按下后复制到剪贴板"
    },
    "ToggleGameMode": {
      "hotkey": {
        "keys": "F3,F4"
      },
      "comment": "在生存和创造之间切换"
    }
  },
  "Values": {
    "AutoCrafting": {
      "value": true,
      "comment": "这需要InvTweaks模组"
    },
    "ToolSwitch": {
      "value": true
    },
    "WeaponSwitch": {
      "value": true
    },
    "禁止渲染计分板": {
      "value": true
    },
    "低血量退出游戏": {
      "value": true
    },
    "强制夜视": {
      "value": false,
      "comment": "这需要gamma_free模组"
    },
    "Dev客户端": {
      "value": true
    },
    "帧数解禁": {
      "value": true
    },
    "ommc.periodicAttackInterval": {
      "value": 10,
      "useSlider": true,
      "comment": "单位为刻"
    },
    "ommc.periodicUseInterval": {
      "value": 10,
      "useSlider": true,
      "comment": "单位为刻"
    },
    "FlySpeedLevel": {
      "value": 0.99,
      "useSlider": true
    },
    "FlySpeedVertical": {
      "value": 0.99,
      "useSlider": true
    },
    "OverrideUseInterval": {
      "value": 101,
      "useSlider": true,
      "comment": "单位毫秒"
    },
    "ommc.toolSwitchMode": {
      "value": "Order"
    },
    "补货个数": {
      "value": 16,
      "useSlider": true,
      "comment": "自动合成时, 每次合成完毕时, 每格尝试补货的个数"
    },
    "每刻执行任务数": {
      "value": 5,
      "useSlider": true,
      "comment": "关于自动合成等等任务"
    },
    "低血量退出游戏阈值": {
      "value": 2.0,
      "useSlider": false,
      "comment": "受到伤害后低于此血量时, 触发退出游戏"
    },
    "低血量退出速度": {
      "value": 4,
      "useSlider": true,
      "comment": "模拟按下Esc之后, 点击退出按钮之前的时间(单位刻), 单机游戏不能调太低, 因为可能导致存档损坏"
    },
    "低血量免退出倒计时": {
      "value": 60,
      "useSlider": true,
      "comment": "在这段时间(单位秒)过去之前, 你进入游戏时不会自动退出"
    }
  }
}