{
  "HotKeys": {
    "展示信息": {
      "hotkey": {
        "keys": "H"
      },
      "comment": "展示信息"
    }
  },
  "Values": {
    "取消Dev信息": {
      "value": true
    },
    "展示信息": {
      "value": true
    },
    "FPS": {
      "value": true
    },
    "坐标": {
      "value": true
    },
    "方向": {
      "value": true
    },
    "亮度": {
      "value": true
    },
    "群系": {
      "value": true
    },
    "天气": {
      "value": true
    },
    "时间": {
      "value": true
    },
    "信息绘画Y轴": {
      "value": 0,
      "useSlider": true
    }
  }
}