{
  "schemaVersion": 1,
  "id": "modmenu",
  "name": "Mod Menu",
  "version": "$version",
  "environment": "client",
  "license": "MIT",
  "icon": "assets/modmenu/icon.png",
  "entrypoints": {
    "client": [
      "io.github.prospector.modmenu.ModMenu"
    ]
  },
  "contact": {
    "homepage": "https://minecraft.curseforge.com/projects/modmenu",
    "sources": "https://github.com/Prospector/ModMenu",
    "issues": "https://github.com/Prospector/ModMenu/issues"
  },
  "depends": {
    "fishmodloader": ">=3.0.0"
  },
  "authors": [
    "Prospector"
  ],
  "contributors": [
    "shedaniel",
    "Draylar",
    "Mordna",
    "Madis0",
    "Yanis48",
    "Boundarybreaker",
    "fewizz",
    "XuyuEre",
    "geniiii",
    "thiagokenis",
    "Juuxel",
    "InsomniaKitten",
    "modmuss50",
    "Patbox",
    "Lykrast",
    "Pyrofab",
    "UpcraftLP",
    "swordglowsblue",
    "hinataaki",
    "LeonXu98",
    "magneticflux",
    "Earthcomputer",
    "Debris"
  ],
  "description": "Adds a mod menu to view the list of mods you have installed.",
  "mixins": [
    "mixins.modmenu.json"
  ],
  "custom": {
    "modmenu:clientsideOnly": true
  }
}
